scrapeDatetime,url,price,addressline1,addressline2,po,mls,bedrooms,totalbedrooms,bathrooms,propertyType,BuildingType,storeys,communityName,title,landSize,Builtin,parkingType,publishTime,PriceHistory,totalFinishedArea,appliancesIncluded,foundationType,style,architectureStyle,basementType
"03/18/2022, 00:17:22",https://www.realtor.ca/real-estate/24150976/75-norman-boulevard-hammonds-plains-hammonds-plains,"$399,900 ",75 Norman Boulevard,"Hammonds Plains, Nova Scotia B4B1N6",B4B1N6,MLS  Number: 202204385,3 + 1,4,2,Single Family,House,1,Hammonds Plains,Freehold,1/2 - 1 acre,1989.0,"Garage, Attached Garage",1 day,,1976 sqft,"Range - Electric, Dishwasher, Dryer, Washer, Refrigerator",Poured Concrete,Detached,,Full
"03/18/2022, 00:21:07",https://www.realtor.ca/real-estate/24150761/4090-highway-3-chester-chester,"$450,000 ",4090 Highway 3,"Chester, Nova Scotia B0J1J0",B0J1J0,MLS  Number: 202204382,3 + 0,3,2,Single Family,House,1,Chester,Freehold,under 1/2 acre,2014.0,Gravel,1 day,"Jul 30, 2018 Sold $280,000",2744 sqft,"Cooktop - Propane, Oven - Electric, Dishwasher, Dryer, Washer, Microwave, Refrigerator, Water purifier, Water softener",,Detached,Character,
"03/18/2022, 00:22:45",https://www.realtor.ca/real-estate/24150760/51-simms-avenue-simms-settlement-simms-settlement,"$259,900 ",51 Simms Avenue,"Simms Settlement, Nova Scotia B0J1T0",B0J1T0,MLS  Number: 202204381,1 + 3,4,2,Single Family,House,1,Simms Settlement,Freehold,1/2 - 1 acre,1989.0,"Garage, Detached Garage, Gravel",1 day,"Sep 25, 2020 Sold Not available",1896 sqft,"Stove, Dishwasher, Dryer, Washer, Microwave, Refrigerator",Poured Concrete,Detached,Character,Full (Finished)
"03/18/2022, 08:34:42",https://www.realtor.ca/real-estate/24149545/79-collingwood-court-dartmouth-dartmouth,"$399,900 ",79 Collingwood Court,"Dartmouth, Nova Scotia B2W0G4",B2W0G4,MLS  Number: 202204363,3 + 0,3,3,Single Family,Row / Townhouse,2,Dartmouth,Freehold,under 1/2 acre,2010.0,Garage,1 day,"Jun 30, 2017 Sold $269,900",1815 sqft,"Stove, Dishwasher, Washer, Microwave Range Hood Combo, Refrigerator",Poured Concrete,,,
"03/18/2022, 08:40:25",https://www.realtor.ca/real-estate/24149549/167-flagstone-drive-cole-harbour-colby-village-colby-village,"$525,000 ",167 Flagstone Drive,"Colby Village, Nova Scotia B2V1Z7",B2V1Z7,MLS  Number: 202204366,4 + 1,5,4,Single Family,House,2,Colby Village,Freehold,under 1/2 acre,1985.0,"Garage, Attached Garage, Interlocked",1 day,"Oct 31, 2016 Sold $337,500",3374 sqft,"Stove, Dishwasher, Dryer, Washer, Refrigerator, Central Vacuum, Hot Tub",Poured Concrete,Detached,,Full (Partially finished)
"03/18/2022, 08:42:26",https://www.realtor.ca/real-estate/24149548/886-tremont-mountain-road-greenwood-greenwood,"$415,900 ",886 Tremont Mountain Road,"Greenwood, Nova Scotia B0P1R0",B0P1R0,MLS  Number: 202204365,3 + 0,3,3,Single Family,House,2,Greenwood,Freehold,1 - 3 acres,2015.0,"Garage, Detached Garage",1 day,"Jul 11, 2016 Sold $255,000",1720 sqft,"Range - Electric, Dishwasher, Refrigerator",Concrete Slab,Detached,,None
"03/18/2022, 08:44:21",https://www.realtor.ca/real-estate/24149544/9-maple-drive-new-minas-new-minas,"$269,900 ",9 Maple Drive,"New Minas, Nova Scotia B4N4C6",B4N4C6,MLS  Number: 202204362,2 + 2,4,2,Single Family,House,1,New Minas,Freehold,under 1/2 acre,1976.0,,1 day,"Mar 2, 2015 Sold $137,000",1605 sqft,"Stove, Dishwasher, Dryer, Washer, Microwave, Refrigerator",Poured Concrete,Detached,Character,Full (Finished)
"03/18/2022, 08:46:12",https://www.realtor.ca/real-estate/24149547/90-homco-drive-new-minas-new-minas,"$99,000 ",90 Homco Drive,"New Minas, Nova Scotia B4N3Y5",B4N3Y5,MLS  Number: 202204364,2 + 0,2,1,Single Family,Mobile Home,1,New Minas,Leasehold,under 1/2 acre,,Gravel,1 day,,694 sqft,"Range - Electric, Refrigerator",,,Mini,Crawl space
"03/18/2022, 08:47:27",https://www.realtor.ca/real-estate/24149419/1480-sarah-drive-coldbrook-coldbrook,"$375,000 ",1480 Sarah Drive,"Coldbrook, Nova Scotia B4R1A1",B4R1A1,MLS  Number: 202204360,3 + 0,3,3,Single Family,House,1,Coldbrook,Freehold,under 1/2 acre,2001.0,Garage,1 day,"May 31, 2001 Sold $124,700",2200 sqft,"Stove, Dishwasher, Dryer, Washer, Refrigerator",Poured Concrete,Detached,,
"03/18/2022, 08:48:49",https://www.realtor.ca/real-estate/24149417/5-parkway-court-antigonish-landing-antigonish-landing,"$499,000 ",5 PARKWAY COURT,"Antigonish Landing, Nova Scotia B2G0C1",B2G0C1,MLS  Number: 202204358,3 + 0,3,2,Single Family,House,1,Antigonish Landing,Freehold,under 1/2 acre,2010.0,"Garage, Attached Garage",1 day,,1200 sqft,"Central Vacuum, Stove, Dishwasher, Dryer, Washer, Microwave, Refrigerator",Poured Concrete,Detached,Character,Full (Unfinished)
"03/18/2022, 16:33:56",https://www.realtor.ca/real-estate/24149010/301-89-pebblecreek-crescent-dartmouth-dartmouth,"$329,900 ",301 89 Pebblecreek Crescent,"Dartmouth, Nova Scotia B2W0K6",B2W0K6,MLS  Number: 202204349,2 + 0,2,1,Single Family,Apartment,1,Dartmouth,Condominium/Strata,under 1/2 acre,2012.0,"Garage, Underground",2 days,,986 sqft,Intercom,Poured Concrete,,,Full
"03/18/2022, 16:39:58",https://www.realtor.ca/real-estate/24148594/65-farrell-street-dartmouth-dartmouth,"$219,900 ",65 Farrell Street,"Dartmouth, Nova Scotia B3A4B3",B3A4B3,MLS  Number: 202204340,2 + 0,2,1,Single Family,House,1,Dartmouth,Freehold,under 1/2 acre,,,2 days,,600 sqft,"Stove, Dryer, Washer, Refrigerator",Poured Concrete,Detached,,
"03/18/2022, 16:41:58",https://www.realtor.ca/real-estate/24148596/21-rowledge-lane-bedford-bedford,"$799,900 ",21 Rowledge Lane,"Bedford, Nova Scotia B4A0J6",B4A0J6,MLS  Number: 202204343,3 + 1,4,4,Single Family,House,2,Bedford,Freehold,under 1/2 acre,2020.0,"Garage, Attached Garage",2 days,,2895 sqft,,,Detached,,
"03/18/2022, 16:46:57",https://www.realtor.ca/real-estate/24148591/233-amesbury-gate-bedford-bedford,"$939,000 ",233 Amesbury Gate,"Bedford, Nova Scotia B4B0R8",B4B0R8,MLS  Number: 202204337,3 + 1,4,4,Single Family,House,2,Bedford,Freehold,under 1/2 acre,2020.0,Garage,2 days,,2976 sqft,"Range - Electric, Stove, Dishwasher, Dryer, Washer",Poured Concrete,Detached,,Full (Finished)
"03/18/2022, 17:03:14",https://www.realtor.ca/real-estate/24148411/119-kingswood-drive-hammonds-plains-hammonds-plains,"$999,900 ",119 Kingswood Drive,"Hammonds Plains, Nova Scotia B4B1K4",B4B1K4,MLS  Number: 202204334,5 + 1,6,4,Single Family,House,2,Hammonds Plains,Freehold,1 - 3 acres,1993.0,"Garage, Detached Garage",2 days,,4241 sqft,"Stove, Dishwasher, Dryer, Washer, Refrigerator, Hot Tub",Poured Concrete,Detached,,
"03/18/2022, 17:19:00",https://www.realtor.ca/real-estate/24148240/1304-1457-brenton-street-halifax-peninsula-halifax-peninsula,"$299,900 ",1304 1457 Brenton Street,"Halifax Peninsula, Nova Scotia B3J3T3",B3J3T3,MLS  Number: 202204320,1 + 0,1,1,Single Family,Apartment,1,Halifax Peninsula,Condominium/Strata,1/2 - 1 acre,1992.0,"Garage, Attached Garage",2 days,"May 1, 2014 Sold $274,000",695 sqft,"Range, Dishwasher, Microwave, Refrigerator",Poured Concrete,,,None
"03/18/2022, 17:21:07",https://www.realtor.ca/real-estate/24148241/45-maple-crescent-mount-william-mount-william,"$420,000 ",45 Maple Crescent,"Mount William, Nova Scotia B2H5C6",B2H5C6,MLS  Number: 202204321,2 + 1,3,2,Single Family,House,2,Mount William,Freehold,1 - 3 acres,1982.0,Gravel,2 days,,2468 sqft,,Poured Concrete,Detached,4 Level,Crawl space
"03/18/2022, 17:22:40",https://www.realtor.ca/real-estate/24148242/1959-morden-road-aylesford-aylesford,"$249,000 ",1959 Morden Road,"Aylesford, Nova Scotia B0P1C0",B0P1C0,MLS  Number: 202204323,2 + 0,2,2,Single Family,House,2,Aylesford,Freehold,3 - 10 acres,,Gravel,2 days,"Apr 30, 2018 Sold $113,500",970 sqft,"Stove, Dryer, Washer, Microwave, Refrigerator",Stone,Detached,,Crawl space
"03/18/2022, 17:24:07",https://www.realtor.ca/real-estate/24148123/858-shaw-road-somerset-somerset,"$479,900 ",858 Shaw Road,"Somerset, Nova Scotia B0P1E0",B0P1E0,MLS  Number: 202204307,3 + 0,3,2,Single Family,House,1,Somerset,Freehold,3 - 10 acres,2012.0,"Garage, Detached Garage, Gravel",2 days,"Feb 23, 2021 Sold $345,000",1287 sqft,"Stove, Dishwasher, Dryer, Washer, Refrigerator",Concrete Slab,Detached,Character,None
"03/18/2022, 17:26:46",https://www.realtor.ca/real-estate/24148119/64-dill-road-extension-currys-corner-currys-corner,"$599,000 ",64 Dill Road Extension,"Currys Corner, Nova Scotia B0N2T0",B0N2T0,MLS  Number: 202204303,3 + 0,3,3,Single Family,House,2,Currys Corner,Freehold,1 - 3 acres,2008.0,"Garage, Attached Garage, Interlocked",2 days,"Aug 31, 2018 Sold $380,000",2435 sqft,"Oven - Electric, Range - Gas, Dishwasher, Dryer - Electric, Washer, Refrigerator",Poured Concrete,Detached,,Full (Partially finished)
"03/19/2022, 12:51:25",https://www.realtor.ca/real-estate/24148121/25-sunset-drive-kingston-kingston,"$165,000 ",25 Sunset Drive,"Kingston, Nova Scotia B0P1R0",B0P1R0,MLS  Number: 202204305,3 + 1,4,2,Single Family,House,2,Kingston,Freehold,under 1/2 acre,1995.0,,3 days,"Sep 13, 2013 Sold $112,100",1400 sqft,"Stove, Dryer, Washer, Microwave, Microwave Range Hood Combo, Refrigerator",Poured Concrete,Semi-detached,3 Level,Full (Partially finished)
"03/19/2022, 12:52:45",https://www.realtor.ca/real-estate/24148161/1622-north-main-street-westville-westville,"$284,500 ",1622 North Main Street,"Westville, Nova Scotia B0K2A0",B0K2A0,MLS  Number: 202204309,3 + 0,3,2,Single Family,House,3,Westville,Freehold,under 1/2 acre,1959.0,Parking Space(s),3 days,,1558 sqft,"Stove, Dryer - Electric, Washer, Refrigerator",Poured Concrete,Detached,3 Level,Partial
"03/19/2022, 12:54:32",https://www.realtor.ca/real-estate/24148124/31-panorama-lane-bedford-bedford,"$339,000 ",31 Panorama Lane,"Bedford, Nova Scotia B4A1P3",B4A1P3,MLS  Number: 202204308,3 + 0,3,2,Single Family,House,2,Bedford,Freehold,under 1/2 acre,1980.0,,3 days,,1470 sqft,"Stove, Dishwasher, Dryer, Washer, Refrigerator",Poured Concrete,Semi-detached,,
"03/19/2022, 12:55:34",https://www.realtor.ca/real-estate/24148162/35-lillian-drive-woodlawn-woodlawn,"$349,000 ",35 Lillian Drive,"Woodlawn, Nova Scotia B2W4B3",B2W4B3,MLS  Number: 202204310,3 + 0,3,2,Single Family,House,2,Woodlawn,Freehold,under 1/2 acre,1975.0,,3 days,"Mar 23, 2015 Sold $185,900",1377 sqft,"Stove, Dishwasher, Dryer, Washer, Microwave Range Hood Combo",Poured Concrete,Semi-detached,,
"03/19/2022, 12:56:49",https://www.realtor.ca/real-estate/24148165/32-martyn-drive-fall-river-fall-river,"$424,900 ",32 Martyn Drive,"Fall River, Nova Scotia B2T1E7",B2T1E7,MLS  Number: 202204318,3 + 2,5,2,Single Family,House,1,Fall River,Freehold,under 1/2 acre,1977.0,"Garage, Attached Garage",3 days,"Nov 15, 2018 Sold $239,900",1960 sqft,"Stove, Dishwasher, Dryer, Washer, Microwave Range Hood Combo, Refrigerator",Poured Concrete,Detached,,
"03/19/2022, 12:58:46",https://www.realtor.ca/real-estate/24148163/81-rockmanor-drive-bedford-bedford,"$529,900 ",81 Rockmanor Drive,"Bedford, Nova Scotia B4A2V7",B4A2V7,MLS  Number: 202204312,3 + 0,3,3,Single Family,House,1,Bedford,Freehold,under 1/2 acre,1978.0,"Garage, Attached Garage",3 days,,1763 sqft,"Stove, Dishwasher, Dryer, Washer, Refrigerator",Poured Concrete,Detached,,
"03/19/2022, 13:01:12",https://www.realtor.ca/real-estate/24147371/235-taylor-drive-extension-nictaux-nictaux,"$235,000 ",235 Taylor Drive Extension,"Nictaux, Nova Scotia B0S1P0",B0S1P0,MLS  Number: 202204296,4 + 0,4,1,Single Family,House,1,Nictaux,Freehold,1 - 3 acres,1972.0,,3 days,"May 31, 2018 Sold $130,000",1248 sqft,"Range - Gas, Dishwasher, Dryer - Electric, Washer, Freezer, Refrigerator",Concrete Block,Detached,Character,Partial (Partially finished)
"03/19/2022, 13:03:06",https://www.realtor.ca/real-estate/24147181/54-maclaughlin-drive-port-hawkesbury-port-hawkesbury,"$279,900 ",54 MacLaughlin Drive,"Port Hawkesbury, Nova Scotia B9A2E8",B9A2E8,MLS  Number: 202204292,4 + 0,4,2,Single Family,House,2,Port Hawkesbury,Freehold,under 1/2 acre,1963.0,,3 days,,1832 sqft,"Stove, Dishwasher, Dryer, Washer, Freezer - Chest, Refrigerator",Poured Concrete,Detached,,Full (Unfinished)
"03/19/2022, 13:05:22",https://www.realtor.ca/real-estate/24146000/22-ridge-avenue-stewiacke-stewiacke,"$459,900 ",22 Ridge Avenue,"Stewiacke, Nova Scotia B0N2J0",B0N2J0,MLS  Number: 202204288,3 + 0,3,2,Single Family,House,1,Stewiacke,Freehold,under 1/2 acre,,"Garage, Attached Garage, Gravel",3 days,,1330 sqft,None,Concrete Slab,Detached,Character,None
"03/19/2022, 13:07:04",https://www.realtor.ca/real-estate/24145574/17-teviot-place-valley-valley,"$349,900 ",17 Teviot Place,"Valley, Nova Scotia B6L2W7",B6L2W7,MLS  Number: 202204276,3 + 3,6,3,Single Family,House,1,Valley,Freehold,under 1/2 acre,1972.0,Gravel,3 days,"May 29, 2009 Sold $134,000",2986 sqft,,Poured Concrete,Detached,,Full (Finished)
"03/19/2022, 13:08:27",https://www.realtor.ca/real-estate/24145577/20-kirtland-court-dartmouth-dartmouth,"$399,900 ",20 Kirtland Court,"Dartmouth, Nova Scotia B2W4P6",B2W4P6,MLS  Number: 202204280,2 + 1,3,2,Single Family,House,1,Dartmouth,Freehold,under 1/2 acre,1977.0,"Garage, Detached Garage",3 days,"Jul 19, 2013 Sold $225,000",1300 sqft,"Stove, Dishwasher, Dryer, Washer, Refrigerator",Poured Concrete,Detached,Character,Full (Finished)
"03/19/2022, 13:10:48",https://www.realtor.ca/real-estate/24145573/1409-1650-granville-street-halifax-halifax,"$1,252,500 ",1409 1650 Granville Street,"Halifax, Nova Scotia B3J0E1",B3J0E1,MLS  Number: 202204274,3 + 0,3,3,Single Family,Apartment,1,Halifax,Condominium/Strata,,,"Garage, Other",3 days,,1770 sqft,"Cooktop - Electric, Oven - Electric, Dishwasher, Dryer, Washer, Microwave, Refrigerator, Intercom",Poured Concrete,,Other,
"03/19/2022, 13:13:46",https://www.realtor.ca/real-estate/24145576/7084-3-highway-hunts-point-hunts-point,"$285,000 ",7084 3 Highway,"Hunts Point, Nova Scotia B0T1G0",B0T1G0,MLS  Number: 202204278,2 + 1,3,3,Single Family,House,1,Hunts Point,Freehold,1/2 - 1 acre,1980.0,"Garage, Detached Garage, Gravel",3 days,"Aug 19, 2017 Sold $193,000",1725 sqft,"Dishwasher, Dryer, Washer, Refrigerator",Poured Concrete,Detached,Character,Full (Finished)
"03/19/2022, 13:16:19",https://www.realtor.ca/real-estate/24144862/52-highway-14-robinsons-corner-robinsons-corner,"$750,000 ",52 Highway 14,"Robinsons Corner, Nova Scotia B0J1J0",B0J1J0,MLS  Number: 202204264,3 + 1,4,3,Single Family,House,2,Robinsons Corner,Freehold,under 1/2 acre,2020.0,"Garage, Detached Garage",3 days,,3120 sqft,"Cooktop - Electric, Oven, Dishwasher, Dryer, Washer, Microwave, Refrigerator, Water softener",Poured Concrete,Detached,,
"03/19/2022, 13:19:52",https://www.realtor.ca/real-estate/24144863/154-porters-lake-station-road-porters-lake-porters-lake,"$429,900 ",154 Porters Lake Station Road,"Porters Lake, Nova Scotia B3E1J9",B3E1J9,MLS  Number: 202204265,2 + 0,2,1,Single Family,House,1,Porters Lake,Freehold,10 - 49 acres,1998.0,Gravel,3 days,"Mar 26, 2004 Sold $114,000",1170 sqft,"Cooktop - Propane, Oven - Propane, Dishwasher, Dryer - Electric, Washer, Freezer - Stand Up, Refrigerator",Concrete Block,Detached,Character,Crawl space
"03/19/2022, 13:32:21",https://www.realtor.ca/real-estate/24144861/335-macdonald-street-new-glasgow-new-glasgow,"$214,500 ",335 Macdonald Street,"New Glasgow, Nova Scotia B2H2V2",B2H2V2,MLS  Number: 202204263,3 + 0,3,2,Single Family,House,2,New Glasgow,Freehold,under 1/2 acre,,Gravel,3 days,,1199 sqft,"Stove, Dishwasher, Dryer, Washer, Microwave, Refrigerator","Poured Concrete, Stone, Wood",Detached,,Partial
"03/19/2022, 13:33:27",https://www.realtor.ca/real-estate/24144545/88-poplar-street-stellarton-stellarton,"$290,000 ",88 Poplar Street,"Stellarton, Nova Scotia B2H4H1",B2H4H1,MLS  Number: 202204253,3 + 2,5,2,Single Family,House,1,Stellarton,Freehold,1/2 - 1 acre,1986.0,,3 days,"Jun 24, 2010 Sold $159,900",1521 sqft,"Cooktop, Oven, Range, Dishwasher, Dryer, Washer, Refrigerator",Poured Concrete,Detached,,
"03/19/2022, 13:34:35",https://www.realtor.ca/real-estate/24144543/86-burnyeat-street-truro-truro,"$299,000 ",86 BURNYEAT Street,"Truro, Nova Scotia B2N4R1",B2N4R1,MLS  Number: 202204251,3 + 2,5,2,Single Family,House,1,Truro,Freehold,under 1/2 acre,1966.0,Gravel,3 days,"Apr 27, 2012 Sold $127,000",2070 sqft,"Stove, Dishwasher, Dryer, Washer, Microwave Range Hood Combo, Refrigerator",Poured Concrete,Detached,Character,Full (Finished)
"03/19/2022, 13:35:48",https://www.realtor.ca/real-estate/24144544/35-shannon-drive-truro-truro,"$279,900 ",35 Shannon Drive,"Truro, Nova Scotia B2N3V5",B2N3V5,MLS  Number: 202204252,3 + 2,5,2,Single Family,House,1,Truro,Freehold,1/2 - 1 acre,,"Carport, Gravel",3 days,"May 5, 2006 Sold $112,500",1646 sqft,"Stove, Dishwasher, Refrigerator",Concrete Block,Detached,Character,
"03/19/2022, 13:37:30",https://www.realtor.ca/real-estate/24144546/1116-main-road-eastern-passage-eastern-passage,"$289,900 ",1116 Main Road,"Eastern Passage, Nova Scotia B0J3A0",B0J3A0,MLS  Number: 202204255,2 + 0,2,1,Single Family,House,1,Eastern Passage,Freehold,under 1/2 acre,1952.0,"Garage, Detached Garage",3 days,"Oct 16, 2006 Sold $133,500",930 sqft,"Stove, Dishwasher, Refrigerator",Concrete Block,Detached,Character,Full (Unfinished)
"03/19/2022, 13:38:46",https://www.realtor.ca/real-estate/24144431/191-highway-208-new-germany-new-germany,"$269,900 ",191 Highway 208,"New Germany, Nova Scotia B0R1E0",B0R1E0,MLS  Number: 202204248,3 + 0,3,1,Single Family,House,1,New Germany,Freehold,10 - 49 acres,1968.0,"Garage, Carport",3 days,,1050 sqft,"Range - Electric, Refrigerator",Poured Concrete,Detached,Character,Full
"03/19/2022, 13:39:55",https://www.realtor.ca/real-estate/24144161/47-martin-lake-drive-lake-echo-lake-echo,"$299,900 ",47 Martin Lake Drive,"Lake Echo, Nova Scotia B3E1B8",B3E1B8,MLS  Number: 202204244,3 + 0,3,1,Single Family,House,1,Lake Echo,Freehold,1/2 - 1 acre,1968.0,Garage,4 days,,1419 sqft,"Oven, Dishwasher, Dryer, Washer, Refrigerator",Poured Concrete,Detached,,Crawl space
"03/19/2022, 13:41:00",https://www.realtor.ca/real-estate/24144162/3495-clam-harbour-road-clam-harbour-clam-harbour,"$59,900 ",3495 Clam Harbour Road,"Clam Harbour, Nova Scotia B0J2L0",B0J2L0,MLS  Number: 202204245,3 + 0,3,1,Single Family,House,2,Clam Harbour,Freehold,1 - 3 acres,,"Garage, Detached Garage, Gravel",4 days,,1568 sqft,None,"Poured Concrete, Stone",Detached,,Crawl space
"03/19/2022, 13:42:02",https://www.realtor.ca/real-estate/24143869/335-royal-oaks-way-belnan-belnan,"$599,900 ",335 Royal Oaks Way,"Belnan, Nova Scotia B2S0E4",B2S0E4,MLS  Number: 202204240,3 + 0,3,2,Single Family,House,1,Belnan,Freehold,1 - 3 acres,2016.0,"Garage, Attached Garage, Detached Garage, Gravel",4 days,,1651 sqft,,Concrete Slab,Detached,Character,None
"03/19/2022, 13:44:50",https://www.realtor.ca/real-estate/24144030/26-windstone-close-bedford-bedford,"$599,000 ",26 Windstone Close,"Bedford, Nova Scotia B4A4L4",B4A4L4,MLS  Number: 202204243,3 + 0,3,4,Single Family,Row / Townhouse,2,Bedford,Freehold,under 1/2 acre,2005.0,"Garage, Attached Garage",4 days,"May 27, 2009 Sold $292,500",2340 sqft,"Range, Dryer, Washer, Refrigerator",Poured Concrete,,,Full
"03/19/2022, 13:46:01",https://www.realtor.ca/real-estate/24142915/1110-60-walter-havill-drive-armdale-armdale,"$434,900 ",1110 60 Walter Havill Drive,"Armdale, Nova Scotia B3N0A9",B3N0A9,MLS  Number: 202204218,2 + 0,2,2,Single Family,Apartment,1,Armdale,Condominium/Strata,under 1/2 acre,,"Garage, Underground, Parking Space(s)",4 days,,1326 sqft,"Stove, Dishwasher, Dryer - Electric, Washer, Microwave Range Hood Combo, Refrigerator, Intercom",Poured Concrete,,,None
"03/19/2022, 13:47:11",https://www.realtor.ca/real-estate/24142914/1098-terence-bay-road-terence-bay-terence-bay,"$1,299,900 ",1098 Terence Bay Road,"Terence Bay, Nova Scotia B3T1X5",B3T1X5,MLS  Number: 202204217,3 + 0,3,4,Single Family,House,2,Terence Bay,Freehold,1/2 - 1 acre,1995.0,"Garage, Detached Garage",4 days,"Jun 21, 2013 Sold $475,000",3570 sqft,"Central Vacuum, Cooktop - Electric, Oven, Dishwasher, Dryer - Electric, Washer, Microwave Range Hood Combo, Refrigerator, Water softener",Poured Concrete,Detached,,Full (Partially finished)
"03/19/2022, 13:48:33",https://www.realtor.ca/real-estate/24142913/243-cross-road-upper-kennetcook-upper-kennetcook,"$449,900 ",243 Cross Road,"Upper Kennetcook, Nova Scotia B0N2L0",B0N2L0,MLS  Number: 202204216,2 + 0,2,2,Single Family,House,2,Upper Kennetcook,Freehold,10 - 49 acres,2017.0,Gravel,4 days,"Nov 30, 2017 Sold $190,000",1568 sqft,,Poured Concrete,Detached,,Full (Partially finished)
"03/19/2022, 13:49:32",https://www.realtor.ca/real-estate/24142912/2252-highway-344-manassette-lake-manassette-lake,"$199,000 ",2252 Highway 344,"Manassette Lake, Nova Scotia B0H1G0",B0H1G0,MLS  Number: 202204215,3 + 0,3,1,Single Family,Mobile Home,1,Manassette Lake,Freehold,50 - 100 acres,1996.0,"Gravel, Parking Space(s)",4 days,,1126 sqft,"Range - Electric, Dryer, Washer",,,,None
"03/18/2022, 16:53:10",https://www.realtor.ca/real-estate/24142346/4311-south-river-road-antigonish-antigonish,"$225,000 ",4311 South River Road,"Antigonish, Nova Scotia B2G0B4",B2G0B4,MLS  Number: 202204209,2 + 0,2,2,Single Family,Mobile Home,1,Antigonish,Freehold,under 1/2 acre,2010.0,Gravel,3 days,"Aug 31, 2017 Sold $125,000",896 sqft,"Stove, Dishwasher, Refrigerator",,,Mini,None
"03/18/2022, 16:55:16",https://www.realtor.ca/real-estate/24141443/914-214-highway-belnan-belnan,"$129,900 ",914 214 Highway,"Belnan, Nova Scotia B2S2P7",B2S2P7,MLS  Number: 202204208,3 + 0,3,1,Single Family,House,2,Belnan,Freehold,1 - 3 acres,1859.0,Gravel,3 days,,1800 sqft,"Stove, Dryer, Refrigerator",Stone,Detached,,Partial (Unfinished)
"03/18/2022, 17:00:42",https://www.realtor.ca/real-estate/24141144/68-college-grant-road-college-grant-college-grant,"$549,000 ",68 College Grant Road,"College Grant, Nova Scotia B0K1R0",B0K1R0,MLS  Number: 202204205,6 + 0,6,2,Single Family,House,3,College Grant,Freehold,10 - 49 acres,1988.0,"Garage, Detached Garage, Gravel",3 days,,3320 sqft,"Cooktop - Electric, Oven, Dishwasher, Microwave, Refrigerator",Poured Concrete,Detached,2 Level,
"03/18/2022, 17:07:24",https://www.realtor.ca/real-estate/24141145/33-birch-street-salmon-river-salmon-river,"$379,900 ",33 Birch Street,"Salmon River, Nova Scotia B2N4W9",B2N4W9,MLS  Number: 202204206,3 + 0,3,2,Single Family,House,1,Salmon River,Freehold,under 1/2 acre,1970.0,,3 days,,2280 sqft,"Stove, Dishwasher, Dryer, Washer, Microwave, Refrigerator",Poured Concrete,Detached,Character,
"03/18/2022, 17:09:12",https://www.realtor.ca/real-estate/24141142/4598-highway-2-wellington-wellington,"$429,900 ",4598 Highway 2,"Wellington, Nova Scotia B2T1B8",B2T1B8,MLS  Number: 202204203,2 + 1,3,3,Single Family,House,2,Wellington,Freehold,1/2 - 1 acre,1987.0,"Carport, Gravel",3 days,,2044 sqft,"Range - Electric, Dishwasher, Dryer, Washer, Refrigerator",Poured Concrete,Detached,,
"03/18/2022, 19:04:37",https://www.realtor.ca/real-estate/24141143/366-main-street-middleton-middleton,"$299,500 ",366 MAIN Street,"Middleton, Nova Scotia B0S1P0",B0S1P0,MLS  Number: 202204204,5 + 0,5,2,Single Family,House,2,Middleton,Freehold,under 1/2 acre,1913.0,,4 days,,2800 sqft,"Gas stove(s), Washer, Refrigerator",Stone,Detached,,Full (Unfinished)
"03/18/2022, 21:07:33",https://www.realtor.ca/real-estate/24141026/4590-highway-2-wellington-wellington,"$299,900 ",4590 Highway 2,"Wellington, Nova Scotia B2T1B8",B2T1B8,MLS  Number: 202204197,3 + 0,3,1,Single Family,House,1,Wellington,Freehold,under 1/2 acre,1962.0,"Garage, Attached Garage, Gravel",4 days,"Oct 1, 2010 Sold $174,500",1261 sqft,,Poured Concrete,Detached,Character,Crawl space
"03/18/2022, 21:08:05",https://www.realtor.ca/real-estate/24140890/136-silver-point-road-martins-river-martins-river,"$450,000 ",136 Silver Point Road,"Martins River, Nova Scotia B0J2E0",B0J2E0,MLS  Number: 202204192,3 + 0,3,1,Single Family,House,2,Martins River,Freehold,1/2 - 1 acre,1962.0,"Garage, Attached Garage, Detached Garage, Gravel",4 days,,1640 sqft,"Oven - Electric, Range - Electric, Dryer - Electric, Washer, Refrigerator",Stone,Detached,,Crawl space
"03/18/2022, 21:10:38",https://www.realtor.ca/real-estate/24140035/7492-highway-1-ardoise-ardoise,"$709,900 ",7492 Highway 1,"Ardoise, Nova Scotia B0N1L0",B0N1L0,MLS  Number: 202204171,3 + 0,3,2,Single Family,House,2,Ardoise,Freehold,1 - 3 acres,2019.0,"Garage, Attached Garage, Detached Garage, Gravel",4 days,"Jul 19, 2018 Sold $26,500 (CAD)",2599 sqft,"Stove, Dishwasher, Dryer, Washer, Microwave Range Hood Combo, Refrigerator",Concrete Slab,Detached,Character,None
"03/18/2022, 21:11:15",https://www.realtor.ca/real-estate/24139488/18-holmes-hill-hantsport-hantsport,"$369,900 ",18 Holmes Hill,"Hantsport, Nova Scotia B0P1P0",B0P1P0,MLS  Number: 202204151,3 + 0,3,2,Single Family,House,2,Hantsport,Freehold,1/2 - 1 acre,1975.0,"Garage, Attached Garage",4 days,"Nov 1, 2012 Sold $187,500",2155 sqft,"Stove, Dryer, Washer, Refrigerator",Poured Concrete,Detached,,
"03/18/2022, 21:13:14",https://www.realtor.ca/real-estate/24139025/88b-shore-road-dartmouth-dartmouth,"$889,000 ",88B Shore Road,"Dartmouth, Nova Scotia B3A1A4",B3A1A4,MLS  Number: 202204139,3 + 0,3,4,Single Family,Row / Townhouse,3,Dartmouth,Freehold,under 1/2 acre,2006.0,Garage,4 days,"Mar 8, 2017 Sold $450,000",2400 sqft,"Gas stove(s), Dishwasher, Washer/Dryer Combo, Microwave Range Hood Combo, Refrigerator",Poured Concrete,,,Full
"03/18/2022, 21:14:01",https://www.realtor.ca/real-estate/24138875/810-young-avenue-halifax-halifax,"$2,000,000 ",810 Young Avenue,"Halifax, Nova Scotia B3H2V7",B3H2V7,MLS  Number: 202204138,7 + 0,7,5,Single Family,House,2,Halifax,Freehold,under 1/2 acre,1918.0,,4 days,,3870 sqft,"Cooktop - Electric, Oven - Electric, Dishwasher, Dryer, Washer, Microwave, Refrigerator",Poured Concrete,Detached,,
"03/18/2022, 21:14:29",https://www.realtor.ca/real-estate/24137487/45-lovat-crescent-new-glasgow-new-glasgow,"$419,900 ",45 Lovat Crescent,"New Glasgow, Nova Scotia B2H0B1",B2H0B1,MLS  Number: 202204094,2 + 1,3,3,Single Family,House,1,New Glasgow,Freehold,under 1/2 acre,2007.0,,5 days,"Aug 15, 2012 Sold $276,000",2700 sqft,"Range - Electric, Dishwasher, Dryer, Washer, Garburator, Refrigerator",Poured Concrete,Detached,Character,
"03/18/2022, 21:15:26",https://www.realtor.ca/real-estate/24132791/38-soaring-way-hammonds-plains-hammonds-plains,"$775,000 ",38 Soaring Way,"Hammonds Plains, Nova Scotia B3Z0S4",B3Z0S4,MLS  Number: 202204037,3 + 1,4,4,Single Family,House,2,Hammonds Plains,Freehold,1/2 - 1 acre,,"Garage, Attached Garage",7 days,"Mar 18, 2021 Sold $536,158",2900 sqft,"Range - Electric, Dishwasher, Dryer - Electric, Washer, Microwave, Refrigerator",Poured Concrete,Detached,,Full (Finished)
"03/18/2022, 21:16:05",https://www.realtor.ca/real-estate/24132969/231-southgate-drive-bedford-bedford,"$819,900 ",231 Southgate Drive,"Bedford, Nova Scotia B4A4L2",B4A4L2,MLS  Number: 202204043,4 + 0,4,4,Single Family,House,2,Bedford,Freehold,under 1/2 acre,2005.0,"Garage, Attached Garage",7 days,"Jun 28, 2007 Sold $395,000",3116 sqft,"Oven - Electric, Range - Electric, Dishwasher, Dryer, Washer, Microwave Range Hood Combo, Refrigerator",Poured Concrete,Detached,,
"03/18/2022, 21:16:26",https://www.realtor.ca/real-estate/24132663/50-west-porters-lake-road-porters-lake-porters-lake,"$345,000 ",50 West Porters Lake Road,"Porters Lake, Nova Scotia B3R1K2",B3R1K2,MLS  Number: 202204035,3 + 0,3,1,Single Family,House,1,Porters Lake,Freehold,under 1/2 acre,1982.0,Gravel,7 days,"Jun 15, 2010 Sold $169,000",1653 sqft,"Stove, Dishwasher, Dryer, Washer, Refrigerator",Poured Concrete,Detached,Character,Full (Partially finished)
"03/18/2022, 21:18:47",https://www.realtor.ca/real-estate/24132126/41-peter-court-eastern-passage-eastern-passage,"$279,900 ",41 Peter Court,"Eastern Passage, Nova Scotia B3G1S9",B3G1S9,MLS  Number: 202204032,0 + 3,3,2,Single Family,House,1,Eastern Passage,Freehold,under 1/2 acre,2002.0,,7 days,,1440 sqft,"Stove, Dishwasher, Dryer, Washer, Refrigerator",Poured Concrete,Semi-detached,,
"03/18/2022, 21:19:46",https://www.realtor.ca/real-estate/24132662/1437-10-highway-cookville-cookville,"$329,900 ",1437 10 Highway,"Cookville, Nova Scotia B4V7R5",B4V7R5,MLS  Number: 202204034,2 + 0,2,1,Single Family,House,1,Cookville,Freehold,1 - 3 acres,2002.0,Gravel,7 days,"Jul 17, 2005 Sold $110,000",1060 sqft,"Stove, Dryer, Washer, Refrigerator",,Detached,,None
"03/18/2022, 21:20:40",https://www.realtor.ca/real-estate/24131886/5-parkstone-terrace-dartmouth-dartmouth,"$279,000 ",5 Parkstone Terrace,"Dartmouth, Nova Scotia B3A1T3",B3A1T3,MLS  Number: 202204021,2 + 0,2,1,Single Family,House,1,Dartmouth,Freehold,under 1/2 acre,,,7 days,,815 sqft,"Stove, Refrigerator",Concrete Block,Detached,Character,Full (Unfinished)
"03/18/2022, 21:36:24",https://www.realtor.ca/real-estate/24131885/9273-highway-10-nictaux-nictaux,"$185,000 ",9273 Highway 10,"Nictaux, Nova Scotia B0S1P0",B0S1P0,MLS  Number: 202204020,2 + 0,2,1,Single Family,House,2,Nictaux,Freehold,under 1/2 acre,1932.0,Gravel,7 days,"Aug 31, 2011 Sold $73,500",920 sqft,"Range - Electric, Dishwasher, Washer/Dryer Combo, Refrigerator",Poured Concrete,Detached,5 Level,
"03/18/2022, 21:37:25",https://www.realtor.ca/real-estate/24131884/1046-evanston-road-cleveland-cleveland,"$139,900 ",1046 Evanston Road,"Cleveland, Nova Scotia B0E1J0",B0E1J0,MLS  Number: 202204018,2 + 0,2,1,Single Family,Mobile Home,1,Cleveland,Freehold,under 1/2 acre,,,7 days,"Mar 29, 2019 Sold $60,000",704 sqft,"Stove, Dryer, Washer, Microwave Range Hood Combo, Refrigerator",,,,None
"03/18/2022, 21:38:01",https://www.realtor.ca/real-estate/24131720/506-martin-avenue-new-glasgow-new-glasgow,"$299,900 ",506 Martin Avenue,"New Glasgow, Nova Scotia B2H1R9",B2H1R9,MLS  Number: 202204016,3 + 0,3,2,Single Family,House,1,New Glasgow,Freehold,under 1/2 acre,1971.0,,7 days,"Apr 19, 2016 Sold $104,900",1483 sqft,,Poured Concrete,Detached,Character,Full (Partially finished)
"03/18/2022, 21:38:23",https://www.realtor.ca/real-estate/24131720/506-martin-avenue-new-glasgow-new-glasgow,"$299,900 ",506 Martin Avenue,"New Glasgow, Nova Scotia B2H1R9",B2H1R9,MLS  Number: 202204016,3 + 0,3,2,Single Family,House,1,New Glasgow,Freehold,under 1/2 acre,1971.0,,7 days,"Apr 19, 2016 Sold $104,900",1483 sqft,,Poured Concrete,Detached,Character,Full (Partially finished)
"03/18/2022, 21:39:50",https://www.realtor.ca/real-estate/24131262/24-trout-run-spryfield-spryfield,"$489,900 ",24 Trout Run,"Spryfield, Nova Scotia B3R0C4",B3R0C4,MLS  Number: 202203982,3 + 1,4,4,Single Family,House,2,Spryfield,Freehold,under 1/2 acre,2018.0,,7 days,"Jan 29, 2018 Sold $284,900",2261 sqft,"Oven - Electric, Dishwasher, Dryer - Electric, Washer, Microwave Range Hood Combo, Refrigerator",Poured Concrete,Semi-detached,3 Level,Full (Finished)
"03/18/2022, 21:42:10",https://www.realtor.ca/real-estate/24131260/398-crown-drive-halifax-halifax,"$425,000 ",398 Crown Drive,"Halifax, Nova Scotia B3N0B7",B3N0B7,MLS  Number: 202203980,3 + 1,4,3,Single Family,House,2,Halifax,Freehold,under 1/2 acre,1993.0,Gravel,7 days,"Jun 1, 2017 Sold $284,000",2000 sqft,"Oven - Electric, Dishwasher, Dryer, Washer, Refrigerator",Poured Concrete,Semi-detached,,Full (Finished)
"03/18/2022, 21:43:09",https://www.realtor.ca/real-estate/24130823/582a-herring-cove-road-halifax-halifax,"$549,900 ",582A Herring Cove Road,"Halifax, Nova Scotia B3R1X6",B3R1X6,MLS  Number: 202203977,3 + 1,4,4,Single Family,House,2,Halifax,Freehold,under 1/2 acre,,,7 days,,2204 sqft,"Stove, Dishwasher, Dryer, Washer, Microwave, Refrigerator",Poured Concrete,Semi-detached,,Full (Finished)
"03/18/2022, 21:43:59",https://www.realtor.ca/real-estate/24130822/86-skyridge-avenue-lower-sackville-lower-sackville,"$279,900 ",86 Skyridge Avenue,"Lower Sackville, Nova Scotia B4C1R2",B4C1R2,MLS  Number: 202203975,3 + 0,3,2,Single Family,House,1,Lower Sackville,Freehold,under 1/2 acre,,,7 days,,1048 sqft,"Stove, Dryer, Washer, Refrigerator",Poured Concrete,Detached,Character,Full (Partially finished)
"03/18/2022, 21:44:33",https://www.realtor.ca/real-estate/24130543/489-little-harbour-road-little-harbour-little-harbour,"$359,900 ",489 Little Harbour Road,"Little Harbour, Nova Scotia B0J2L0",B0J2L0,MLS  Number: 202203972,2 + 1,3,2,Single Family,House,1,Little Harbour,Freehold,1/2 - 1 acre,1983.0,"Garage, Gravel",7 days,"Apr 18, 2007 Sold $79,900",2460 sqft,Central Vacuum,Poured Concrete,Detached,Character,
"03/18/2022, 21:46:26",https://www.realtor.ca/real-estate/24130544/45-cortland-crescent-kentville-kentville,"$525,000 ",45 Cortland Crescent,"Kentville, Nova Scotia B4N4X4",B4N4X4,MLS  Number: 202203973,2 + 2,4,4,Single Family,House,2,Kentville,Freehold,1 - 3 acres,1990.0,"Garage, Attached Garage",7 days,"Jul 11, 2008 Sold $299,000",3681 sqft,"Central Vacuum, Stove, Dishwasher, Dryer, Washer, Freezer - Chest, Microwave Range Hood Combo, Refrigerator",Poured Concrete,Detached,3 Level,Full (Finished)
"03/18/2022, 21:47:09",https://www.realtor.ca/real-estate/24130542/32-hayden-drive-drive-berwick-berwick,"$349,900 ",32 Hayden Drive Drive,"Berwick, Nova Scotia B0P1E0",B0P1E0,MLS  Number: 202203971,4 + 0,4,3,Single Family,House,2,Berwick,Freehold,under 1/2 acre,,"Garage, Attached Garage",7 days,"Feb 20, 2002 Sold $100,000",1934 sqft,,Poured Concrete,Detached,4 Level,
"03/18/2022, 22:20:49",https://www.realtor.ca/real-estate/24129276/307-5959-spring-garden-road-halifax-halifax,"$375,000 ",307 5959 Spring Garden Road,"Halifax, Nova Scotia B3H1Y5",B3H1Y5,MLS  Number: 202203966,3 + 0,3,2,Single Family,Apartment,1,Halifax,Condominium/Strata,under 1/2 acre,,"Garage, Underground",8 days,"Jan 20, 2017 Sold $208,000",1300 sqft,"Stove, Dishwasher, Refrigerator",Poured Concrete,,,None
"03/18/2022, 22:21:22",https://www.realtor.ca/real-estate/24129277/4-pine-grove-lane-waverley-waverley,"$595,000 ",4 Pine Grove Lane,"Waverley, Nova Scotia B2R1P9",B2R1P9,MLS  Number: 202203967,3 + 0,3,2,Single Family,House,2,Waverley,Freehold,1/2 - 1 acre,1999.0,"Garage, Gravel",8 days,,1741 sqft,"Oven, Stove, Dishwasher, Dryer, Washer, Refrigerator",Poured Concrete,Detached,,Full (Unfinished)
"03/18/2022, 22:21:50",https://www.realtor.ca/real-estate/24128608/11-rogers-road-nictaux-nictaux,"$374,900 ",11 Rogers Road,"Nictaux, Nova Scotia B0S1P0",B0S1P0,MLS  Number: 202203962,3 + 1,4,2,Single Family,House,1,Nictaux,Freehold,under 1/2 acre,1993.0,"Garage, Detached Garage",8 days,"Apr 30, 2004 Sold $141,500",2400 sqft,"Dishwasher, Microwave Range Hood Combo, Water softener",Poured Concrete,Detached,,
"03/18/2022, 22:23:19",https://www.realtor.ca/real-estate/24128606/8-valkyrie-crescent-dartmouth-dartmouth,"$249,900 ",8 Valkyrie Crescent,"Dartmouth, Nova Scotia B2W5B6",B2W5B6,MLS  Number: 202203958,3 + 0,3,2,Single Family,House,2,Dartmouth,Freehold,under 1/2 acre,1983.0,,8 days,"Oct 22, 2015 Sold $165,000",1794 sqft,"Oven, Range, Dryer, Washer, Microwave, Refrigerator",Poured Concrete,Semi-detached,,Full (Finished)
"03/18/2022, 22:25:01",https://www.realtor.ca/real-estate/24128609/34123414-albert-street-north-end-north-end,"$650,000 ",3412/3414 Albert Street,"North End, Nova Scotia B3K3N2",B3K3N2,MLS  Number: 202203963,5 + 0,5,2,Single Family,Duplex,2,North End,Freehold,under 1/2 acre,1922.0,"Garage, Detached Garage",8 days,"Aug 1, 2018 Sold $326,900",2393 sqft,"Oven - Electric, Dishwasher, Dryer - Electric, Washer, Refrigerator",Poured Concrete,,,Full (Finished)
"03/18/2022, 22:25:32",https://www.realtor.ca/real-estate/24128607/7-pinehaven-drive-halifax-halifax,"$949,900 ",7 Pinehaven Drive,"Halifax, Nova Scotia B3P1Y9",B3P1Y9,MLS  Number: 202203960,2 + 0,2,2,Single Family,House,2,Halifax,Freehold,under 1/2 acre,1951.0,,8 days,,2357 sqft,"Gas stove(s), Dishwasher, Dryer, Washer, Freezer, Refrigerator",Poured Concrete,Detached,,Full (Partially finished)
"03/18/2022, 22:26:56",https://www.realtor.ca/real-estate/24128223/841-planes-view-drive-greenwood-greenwood,"$380,000 ",841 Planes View Drive,"Greenwood, Nova Scotia B0P1R0",B0P1R0,MLS  Number: 202203946,3 + 2,5,3,Single Family,House,1,Greenwood,Freehold,1/2 - 1 acre,1994.0,,8 days,"Jul 5, 2018 Sold $224,500",2430 sqft,"Dishwasher, Central Vacuum",Poured Concrete,Detached,,"Full, Partial"
"03/18/2022, 22:27:33",https://www.realtor.ca/real-estate/24128221/231-acadia-street-new-glasgow-new-glasgow,"$324,900 ",231 Acadia Street,"New Glasgow, Nova Scotia B2H4G7",B2H4G7,MLS  Number: 202203944,3 + 0,3,3,Single Family,House,2,New Glasgow,Freehold,under 1/2 acre,,Gravel,8 days,,2496 sqft,"Stove, Dishwasher, Dryer, Washer, Refrigerator",Poured Concrete,Detached,,Full (Partially finished)
"03/18/2022, 22:27:57",https://www.realtor.ca/real-estate/24126260/10-mccarthy-street-dartmouth-dartmouth,"$525,000 ",10 McCarthy Street,"Dartmouth, Nova Scotia B2X2Y4",B2X2Y4,MLS  Number: 202203898,3 + 0,3,2,Single Family,House,3,Dartmouth,Freehold,under 1/2 acre,1980.0,,8 days,,2402 sqft,,Poured Concrete,Detached,,Crawl space
"03/18/2022, 22:46:04",https://www.realtor.ca/real-estate/24126053/29-bonita-drive-dartmouth-dartmouth,"$450,000 ",29 Bonita Drive,"Dartmouth, Nova Scotia B2X3X2",B2X3X2,MLS  Number: 202203892,3 + 0,3,2,Single Family,House,1,Dartmouth,Freehold,under 1/2 acre,1986.0,"Garage, Attached Garage",8 days,,1996 sqft,"Range - Electric, Dishwasher, Dryer, Washer, Refrigerator, Central Vacuum",Poured Concrete,Detached,,Full (Finished)
"03/19/2022, 00:12:25",https://www.realtor.ca/real-estate/24126257/68-melrose-avenue-halifax-halifax,"$399,900 ",68 Melrose Avenue,"Halifax, Nova Scotia B3N2E4",B3N2E4,MLS  Number: 202203894,6 + 0,6,2,Single Family,Duplex,2,Halifax,Freehold,under 1/2 acre,,"Garage, Attached Garage",8 days,,2390 sqft,,Poured Concrete,Up and down,,Crawl space
"03/19/2022, 00:13:40",https://www.realtor.ca/real-estate/24126259/55-concorde-way-enfield-enfield,"$350,000 ",55 Concorde Way,"Enfield, Nova Scotia B2T0R3",B2T0R3,MLS  Number: 202203897,3 + 0,3,4,Single Family,House,2,Enfield,Freehold,under 1/2 acre,2020.0,"Garage, Attached Garage",8 days,,1886 sqft,"Stove, Dryer, Washer, Refrigerator",Poured Concrete,Semi-detached,2 Level,
"03/19/2022, 00:14:34",https://www.realtor.ca/real-estate/24125886/1039-riverside-drive-lower-sackville-lower-sackville,"$329,000 ",1039 Riverside Drive,"Lower Sackville, Nova Scotia B4C1B3",B4C1B3,MLS  Number: 202203879,3 + 1,4,2,Single Family,House,1,Lower Sackville,Freehold,under 1/2 acre,1964.0,,8 days,"Jul 17, 2017 Sold $216,000",1810 sqft,"Stove, Dishwasher, Dryer, Washer, Refrigerator",Poured Concrete,Detached,2 Level,
"03/19/2022, 00:15:06",https://www.realtor.ca/real-estate/24125887/58-sawmill-crescent-middle-sackville-middle-sackville,"$439,900 ",58 Sawmill Crescent,"Middle Sackville, Nova Scotia B4E3M5",B4E3M5,MLS  Number: 202203881,3 + 1,4,3,Single Family,House,2,Middle Sackville,Freehold,under 1/2 acre,2005.0,"Garage, Attached Garage",8 days,,2189 sqft,"Stove, Dishwasher, Dryer, Washer, Refrigerator",Poured Concrete,Detached,,
"03/19/2022, 00:16:00",https://www.realtor.ca/real-estate/24125797/302-118-farnham-gate-road-rockingham-rockingham,"$294,900 ",302 118 Farnham Gate Road,"Rockingham, Nova Scotia B3M3Z9",B3M3Z9,MLS  Number: 202203871,2 + 0,2,2,Single Family,Apartment,1,Rockingham,Condominium/Strata,under 1/2 acre,1986.0,,8 days,"May 1, 2018 Sold $165,000",1033 sqft,"Oven, Range, Dryer, Washer, Microwave, Refrigerator",Concrete Slab,,,None
"03/19/2022, 00:16:30",https://www.realtor.ca/real-estate/24125793/85-basinview-drive-bedford-bedford,"$599,900 ",85 Basinview Drive,"Bedford, Nova Scotia B4A4K7",B4A4K7,MLS  Number: 202203866,3 + 2,5,4,Single Family,House,2,Bedford,Freehold,under 1/2 acre,2003.0,"Garage, Attached Garage",8 days,"Dec 20, 2017 Sold $425,000",3100 sqft,"Cooktop - Propane, Oven - Electric, Dishwasher, Dryer, Washer, Microwave, Refrigerator",Poured Concrete,Detached,,
"03/19/2022, 00:16:57",https://www.realtor.ca/real-estate/24125796/42-atholea-drive-dartmouth-dartmouth,"$489,900 ",42 Atholea Drive,"Dartmouth, Nova Scotia B2V1C5",B2V1C5,MLS  Number: 202203870,2 + 1,3,1,Single Family,House,1,Dartmouth,Freehold,under 1/2 acre,1991.0,,8 days,"Aug 15, 2011 Sold $212,500",1834 sqft,"Stove, Dishwasher, Dryer, Washer, Refrigerator",Concrete Block,Detached,,
"03/19/2022, 00:17:30",https://www.realtor.ca/real-estate/24125884/104-5389-victoria-road-halifax-halifax,"$349,000 ",104 5389 Victoria Road,"Halifax, Nova Scotia B3H1M4",B3H1M4,MLS  Number: 202203876,3 + 0,3,2,Single Family,Apartment,3,Halifax,Condominium/Strata,under 1/2 acre,1919.0,Gravel,8 days,"Dec 18, 2015 Sold $201,000",1029 sqft,"Stove, Dishwasher, Dryer, Washer, Refrigerator",Poured Concrete,,3 Level,Unknown
"03/19/2022, 00:17:58",https://www.realtor.ca/real-estate/24125888/2048-shore-road-eastern-passage-eastern-passage,"$399,900 ",2048 Shore Road,"Eastern Passage, Nova Scotia B3G1H5",B3G1H5,MLS  Number: 202203884,2 + 0,2,1,Single Family,House,2,Eastern Passage,Freehold,under 1/2 acre,1960.0,,8 days,,1050 sqft,"Stove, Dishwasher, Dryer, Washer, Microwave, Refrigerator",,Detached,,Full
"03/19/2022, 00:19:07",https://www.realtor.ca/real-estate/24125885/74-inspector-court-halifax-halifax,"$499,900 ",74 Inspector Court,"Halifax, Nova Scotia B3R0A7",B3R0A7,MLS  Number: 202203877,3 + 0,3,4,Single Family,House,2,Halifax,Freehold,under 1/2 acre,2012.0,,8 days,"Mar 28, 2012 Sold $240,900",1937 sqft,"Stove, Dishwasher, Dryer - Electric, Washer, Refrigerator",Poured Concrete,Detached,,
